"image","xmin","ymin","xmax","ymax","label"
"000001.jpg",204,189,293,414,"sling dress"
"000001.jpg",199,190,287,269,"vest"
"000002.jpg",176,120,292,383,"sling dress"
"000002.jpg",170,121,280,215,"vest"
"000003.jpg",151,241,279,435,"short sleeve dress"
"000004.jpg",174,205,327,393,"short sleeve dress"
"000005.jpg",48,0,467,623,"short sleeve top"
"000006.jpg",97,218,328,567,"vest dress"
"000007.jpg",144,145,338,544,"vest dress"
"000008.jpg",42,102,223,370,"vest dress"
"000009.jpg",0,263,362,623,"vest dress"
"000010.jpg",125,66,467,623,"short sleeve top"
"000010.jpg",1,22,255,623,"short sleeve dress"
"000011.jpg",0,0,467,466,"short sleeve dress"
"000012.jpg",73,154,249,483,"short sleeve dress"
"000013.jpg",32,9,313,492,"short sleeve dress"
"000014.jpg",130,205,362,517,"short sleeve dress"
"000015.jpg",236,125,307,244,"short sleeve dress"
"000015.jpg",243,203,300,338,"trousers"
"000016.jpg",185,227,322,514,"short sleeve dress"
"000017.jpg",177,96,351,422,"short sleeve dress"
"000018.jpg",1,82,467,350,"long sleeve top"
"000019.jpg",8,67,466,623,"long sleeve top"
"000020.jpg",66,516,332,828,"trousers"
"000020.jpg",2,0,466,675,"long sleeve top"
"000021.jpg",0,111,467,613,"long sleeve top"
"000022.jpg",0,79,466,623,"short sleeve top"
"000023.jpg",0,137,465,710,"short sleeve top"
"000024.jpg",164,416,336,602,"shorts"
"000024.jpg",177,175,467,522,"short sleeve top"
"000025.jpg",0,156,399,399,"short sleeve top"
"000026.jpg",53,181,299,399,"short sleeve top"
"000027.jpg",0,0,623,467,"skirt"
"000028.jpg",0,13,467,348,"skirt"
"000029.jpg",0,0,831,467,"skirt"
"000030.jpg",87,375,252,624,"trousers"
"000030.jpg",60,148,332,395,"long sleeve top"
"000031.jpg",89,101,395,547,"skirt"
"000032.jpg",0,6,467,256,"trousers"
"000033.jpg",1,8,466,623,"long sleeve top"
"000034.jpg",0,0,466,796,"long sleeve top"
"000035.jpg",3,461,318,623,"trousers"
"000035.jpg",0,0,467,623,"long sleeve top"
"000036.jpg",164,231,281,562,"trousers"
"000036.jpg",94,24,316,272,"long sleeve top"
"000037.jpg",0,28,447,623,"long sleeve top"
"000038.jpg",0,83,467,630,"long sleeve top"
"000039.jpg",1,48,464,831,"long sleeve top"
"000040.jpg",0,0,466,681,"long sleeve top"
"000041.jpg",0,12,466,623,"long sleeve top"
"000042.jpg",28,0,380,261,"skirt"
"000043.jpg",0,64,467,511,"skirt"
"000044.jpg",0,0,349,261,"skirt"
"000045.jpg",171,286,240,373,"skirt"
"000045.jpg",167,188,243,296,"short sleeve top"
"000046.jpg",0,91,467,527,"skirt"
"000047.jpg",0,37,345,411,"skirt"
"000048.jpg",0,126,325,425,"skirt"
"000049.jpg",180,363,308,531,"skirt"
"000049.jpg",144,202,329,411,"short sleeve top"
"000050.jpg",196,349,254,415,"skirt"
"000050.jpg",188,285,251,356,"short sleeve top"
"000051.jpg",4,360,405,623,"skirt"
"000051.jpg",101,74,467,515,"short sleeve top"
"000052.jpg",64,71,313,262,"skirt"
"000052.jpg",64,0,467,161,"short sleeve top"
"000053.jpg",203,360,299,467,"skirt"
"000053.jpg",181,257,321,390,"short sleeve top"
"000054.jpg",0,74,467,601,"skirt"
"000055.jpg",78,91,385,494,"skirt"
"000055.jpg",56,0,437,152,"short sleeve top"
"000056.jpg",0,0,467,361,"skirt"
"000057.jpg",0,32,321,467,"skirt"
"000058.jpg",0,72,467,508,"skirt"
"000059.jpg",181,84,364,284,"skirt"
"000059.jpg",139,0,390,155,"short sleeve top"
"000060.jpg",147,246,211,317,"skirt"
"000060.jpg",164,161,231,256,"short sleeve top"
"000061.jpg",154,200,467,558,"skirt"
"000062.jpg",1,8,623,467,"long sleeve dress"
"000063.jpg",0,229,467,623,"long sleeve dress"
"000064.jpg",0,205,467,623,"long sleeve dress"
"000065.jpg",1,1,299,378,"long sleeve dress"
"000066.jpg",43,416,378,829,"trousers"
"000066.jpg",3,0,442,794,"long sleeve top"
"000067.jpg",114,390,323,630,"trousers"
"000067.jpg",94,198,343,569,"long sleeve top"
"000068.jpg",80,342,344,612,"trousers"
"000068.jpg",0,0,327,514,"long sleeve top"
"000069.jpg",97,272,440,596,"skirt"
"000069.jpg",32,44,442,593,"short sleeve top"
"000070.jpg",59,442,386,623,"trousers"
"000070.jpg",0,0,466,562,"short sleeve top"
"000071.jpg",171,339,337,561,"skirt"
"000071.jpg",209,113,466,441,"short sleeve top"
"000072.jpg",105,298,282,623,"trousers"
"000072.jpg",35,49,340,378,"short sleeve top"
"000073.jpg",132,352,350,558,"skirt"
"000073.jpg",50,63,434,382,"short sleeve top"
"000074.jpg",89,389,400,640,"skirt"
"000074.jpg",0,71,430,430,"short sleeve top"
"000075.jpg",163,308,322,581,"trousers"
"000075.jpg",97,61,378,357,"short sleeve top"
"000076.jpg",69,604,324,831,"skirt"
"000076.jpg",49,249,466,718,"short sleeve top"
"000077.jpg",55,378,376,623,"shorts"
"000077.jpg",0,3,467,496,"short sleeve top"
"000078.jpg",151,262,292,381,"shorts"
"000078.jpg",143,139,291,269,"short sleeve top"
"000079.jpg",0,0,465,624,"short sleeve top"
"000080.jpg",0,14,466,685,"vest"
"000081.jpg",2,1,465,630,"vest"
"000082.jpg",151,2,367,338,"vest"
"000083.jpg",0,332,466,630,"shorts"
"000083.jpg",1,4,464,377,"vest"
"000084.jpg",154,123,336,623,"vest"
"000085.jpg",98,131,405,613,"short sleeve dress"
"000086.jpg",213,245,333,476,"short sleeve dress"
"000087.jpg",0,278,209,623,"short sleeve top"
"000087.jpg",231,200,467,597,"short sleeve dress"
"000088.jpg",137,154,467,542,"short sleeve top"
"000088.jpg",0,141,272,590,"short sleeve dress"
"000089.jpg",0,4,466,615,"short sleeve dress"
"000090.jpg",39,74,355,614,"short sleeve dress"
"000091.jpg",134,0,349,369,"short sleeve dress"
"000092.jpg",0,0,467,623,"short sleeve dress"
"000093.jpg",211,0,610,466,"short sleeve dress"
"000093.jpg",1,11,310,444,"short sleeve top"
"000094.jpg",39,73,322,411,"short sleeve dress"
"000095.jpg",106,134,467,622,"short sleeve dress"
"000096.jpg",164,159,466,545,"short sleeve top"
"000096.jpg",1,141,279,568,"short sleeve dress"
"000097.jpg",64,5,465,763,"short sleeve dress"
"000098.jpg",1,3,350,467,"short sleeve dress"
"000099.jpg",132,117,467,623,"short sleeve dress"
"000100.jpg",112,1,428,336,"long sleeve dress"
"000101.jpg",1,0,346,467,"trousers"
"000102.jpg",114,91,225,303,"vest dress"
"000103.jpg",56,102,383,547,"vest dress"
"000104.jpg",0,1,467,622,"long sleeve top"
"000105.jpg",0,0,467,622,"long sleeve top"
"000106.jpg",0,6,467,624,"long sleeve top"
"000107.jpg",0,209,465,830,"long sleeve top"
"000108.jpg",0,250,467,624,"long sleeve top"
"000109.jpg",35,131,413,591,"long sleeve outwear"
"000110.jpg",34,149,424,623,"long sleeve outwear"
"000111.jpg",102,137,214,283,"skirt"
"000111.jpg",112,38,214,190,"vest"
"000112.jpg",201,375,283,463,"skirt"
"000112.jpg",210,322,280,407,"vest"
"000113.jpg",27,189,187,399,"skirt"
"000113.jpg",53,68,259,301,"vest"
"000114.jpg",124,180,322,437,"skirt"
"000114.jpg",137,22,350,301,"vest"
"000115.jpg",18,197,467,623,"skirt"
"000115.jpg",2,2,467,325,"short sleeve top"
"000116.jpg",76,305,324,600,"skirt"
"000116.jpg",55,89,410,468,"vest"
"000117.jpg",158,169,372,388,"skirt"
"000117.jpg",129,26,315,271,"vest"
"000118.jpg",120,188,168,240,"skirt"
"000118.jpg",121,152,167,206,"vest"
"000119.jpg",173,222,369,350,"skirt"
"000119.jpg",160,97,332,314,"vest"
"000120.jpg",190,387,268,471,"skirt"
"000120.jpg",198,321,261,411,"vest"
"000121.jpg",27,281,231,399,"skirt"
"000121.jpg",30,155,163,359,"vest"
"000121.jpg",20,127,72,179,"short sleeve top"
"000122.jpg",8,240,467,623,"vest"
"000123.jpg",24,175,204,364,"skirt"
"000123.jpg",64,49,246,259,"vest"
"000124.jpg",24,146,183,308,"skirt"
"000124.jpg",55,40,213,222,"vest"
"000125.jpg",160,227,315,448,"long sleeve top"
"000126.jpg",172,315,281,546,"skirt"
"000126.jpg",150,0,309,335,"long sleeve top"
"000127.jpg",77,0,319,237,"short sleeve top"
"000127.jpg",85,2,284,378,"sling dress"
"000128.jpg",157,60,321,405,"vest dress"
"000129.jpg",1,190,467,623,"skirt"
"000129.jpg",1,0,446,300,"short sleeve top"
"000130.jpg",63,121,291,315,"skirt"
"000130.jpg",80,1,238,135,"short sleeve top"
"000131.jpg",0,9,467,532,"skirt"
"000132.jpg",191,97,294,276,"skirt"
"000132.jpg",189,1,295,103,"short sleeve top"
"000133.jpg",161,82,334,282,"skirt"
"000133.jpg",152,1,269,92,"short sleeve top"
"000134.jpg",104,133,214,322,"skirt"
"000134.jpg",97,36,235,146,"short sleeve top"
"000135.jpg",0,0,399,299,"skirt"
"000136.jpg",105,86,187,238,"vest dress"
"000137.jpg",7,131,467,623,"short sleeve dress"
"000138.jpg",3,202,466,823,"vest dress"
"000139.jpg",1,233,466,823,"vest dress"
"000140.jpg",0,2,467,623,"long sleeve outwear"
"000141.jpg",2,683,466,828,"trousers"
"000141.jpg",3,118,466,737,"long sleeve top"
"000142.jpg",149,25,467,350,"long sleeve top"
"000142.jpg",3,9,277,321,"long sleeve top"
"000143.jpg",1,98,466,705,"long sleeve outwear"
"000144.jpg",6,24,464,785,"long sleeve top"
"000145.jpg",66,42,400,449,"long sleeve outwear"
"000146.jpg",1,54,466,697,"long sleeve outwear"
"000147.jpg",9,0,467,261,"long sleeve top"
"000148.jpg",0,29,466,720,"long sleeve top"
"000149.jpg",290,366,422,621,"trousers"
"000149.jpg",281,218,445,412,"long sleeve top"
"000150.jpg",0,54,465,603,"long sleeve top"
"000151.jpg",0,0,466,611,"long sleeve top"
"000152.jpg",0,402,442,623,"trousers"
"000152.jpg",18,0,466,502,"long sleeve top"
"000153.jpg",117,434,321,829,"trousers"
"000153.jpg",72,205,329,522,"long sleeve top"
"000154.jpg",291,282,422,454,"trousers"
"000154.jpg",234,183,419,345,"long sleeve top"
"000155.jpg",0,1,467,349,"long sleeve top"
"000156.jpg",0,318,464,830,"long sleeve top"
"000157.jpg",3,9,467,616,"long sleeve outwear"
"000158.jpg",198,50,467,262,"long sleeve top"
"000158.jpg",1,68,231,262,"long sleeve top"
"000159.jpg",242,69,467,262,"long sleeve top"
"000159.jpg",0,68,286,262,"long sleeve top"
"000160.jpg",28,35,466,623,"long sleeve top"
"000161.jpg",172,210,333,374,"skirt"
"000161.jpg",172,100,335,225,"short sleeve top"
"000162.jpg",0,0,467,610,"long sleeve dress"
"000163.jpg",27,129,257,434,"long sleeve dress"
"000164.jpg",114,0,466,793,"long sleeve dress"
"000165.jpg",254,223,406,600,"long sleeve dress"
"000166.jpg",57,10,276,399,"long sleeve dress"
"000167.jpg",92,5,199,229,"long sleeve dress"
"000168.jpg",42,125,356,623,"short sleeve top"
"000169.jpg",113,0,427,372,"short sleeve top"
"000169.jpg",86,0,315,623,"vest dress"
"000170.jpg",0,12,465,624,"short sleeve top"
"000171.jpg",233,0,452,303,"short sleeve top"
"000171.jpg",108,0,259,350,"vest dress"
"000172.jpg",126,61,226,350,"short sleeve top"
"000172.jpg",217,18,332,350,"vest dress"
"000173.jpg",0,0,466,623,"short sleeve top"
"000174.jpg",86,0,414,537,"short sleeve top"
"000175.jpg",0,0,465,623,"short sleeve top"
"000176.jpg",0,71,466,609,"short sleeve top"
"000177.jpg",53,456,323,623,"shorts"
"000177.jpg",109,171,466,613,"short sleeve top"
"000178.jpg",89,63,291,350,"short sleeve top"
"000178.jpg",222,5,369,350,"vest dress"
"000179.jpg",76,6,385,345,"short sleeve top"
"000180.jpg",221,231,311,310,"shorts"
"000180.jpg",216,129,313,266,"short sleeve top"
"000181.jpg",78,289,466,621,"short sleeve top"
"000182.jpg",76,434,346,623,"trousers"
"000182.jpg",61,1,466,557,"short sleeve top"
"000183.jpg",88,386,466,821,"short sleeve top"
"000184.jpg",48,315,412,623,"short sleeve top"
"000185.jpg",2,292,441,829,"short sleeve top"
"000186.jpg",128,139,466,623,"short sleeve top"
"000187.jpg",26,43,266,467,"short sleeve dress"
"000188.jpg",0,32,434,830,"short sleeve dress"
"000189.jpg",79,12,400,543,"short sleeve dress"
"000190.jpg",109,14,362,547,"short sleeve dress"
"000191.jpg",0,27,432,623,"short sleeve dress"
"000192.jpg",81,146,327,665,"short sleeve dress"
"000193.jpg",79,1,415,624,"long sleeve outwear"
"000194.jpg",197,237,323,573,"trousers"
"000194.jpg",117,0,381,436,"long sleeve outwear"
"000195.jpg",155,299,280,561,"trousers"
"000195.jpg",128,130,324,453,"long sleeve outwear"
"000196.jpg",189,199,300,499,"trousers"
"000196.jpg",114,0,326,362,"long sleeve outwear"
"000197.jpg",154,188,263,507,"trousers"
"000197.jpg",114,0,271,390,"long sleeve outwear"
"000198.jpg",0,0,357,606,"long sleeve outwear"
"000199.jpg",46,1,443,607,"long sleeve outwear"
"000200.jpg",32,76,421,624,"long sleeve outwear"
"000201.jpg",0,246,348,548,"skirt"
"000201.jpg",142,1,466,479,"vest"
"000202.jpg",125,342,390,623,"skirt"
"000202.jpg",0,1,382,496,"vest"
"000203.jpg",42,285,466,623,"vest"
"000204.jpg",0,0,467,623,"short sleeve top"
"000205.jpg",0,83,467,623,"skirt"
"000206.jpg",76,180,267,362,"skirt"
"000206.jpg",72,11,259,198,"short sleeve top"
"000207.jpg",98,187,262,315,"skirt"
"000207.jpg",124,114,228,208,"vest"
"000208.jpg",112,34,178,96,"short sleeve top"
"000208.jpg",89,76,199,167,"skirt"
"000209.jpg",2,224,467,631,"skirt"
"000210.jpg",24,1,366,289,"skirt"
"000211.jpg",1,1,379,297,"skirt"
"000212.jpg",172,204,310,324,"skirt"
"000212.jpg",181,93,278,223,"short sleeve top"
"000213.jpg",57,167,269,377,"skirt"
"000213.jpg",33,1,304,207,"short sleeve top"
"000214.jpg",88,188,175,280,"skirt"
"000214.jpg",74,101,182,195,"short sleeve top"
"000215.jpg",66,15,153,101,"skirt"
"000216.jpg",117,10,297,475,"sling dress"
"000216.jpg",100,3,325,221,"short sleeve top"
"000217.jpg",238,321,324,518,"trousers"
"000217.jpg",226,198,357,342,"short sleeve top"
"000218.jpg",1,78,447,619,"short sleeve top"
"000219.jpg",0,464,448,623,"trousers"
"000219.jpg",1,159,401,526,"short sleeve top"
"000220.jpg",0,1,466,830,"short sleeve top"
"000221.jpg",76,93,465,624,"short sleeve top"
"000222.jpg",0,0,466,623,"short sleeve top"
"000223.jpg",140,418,285,712,"trousers"
"000223.jpg",100,179,301,466,"short sleeve top"
"000224.jpg",23,390,434,623,"shorts"
"000224.jpg",0,0,466,508,"short sleeve top"
"000225.jpg",0,195,466,778,"short sleeve top"
"000226.jpg",1,159,361,597,"short sleeve top"
"000227.jpg",0,58,467,623,"short sleeve top"
"000228.jpg",0,228,464,830,"short sleeve top"
"000229.jpg",0,235,466,778,"short sleeve top"
"000230.jpg",0,281,464,824,"short sleeve top"
"000231.jpg",175,378,278,597,"trousers"
"000231.jpg",176,233,296,432,"short sleeve top"
"000232.jpg",0,178,402,623,"short sleeve top"
"000233.jpg",0,84,466,623,"short sleeve top"
"000234.jpg",152,351,347,483,"shorts"
"000234.jpg",117,137,388,379,"short sleeve top"
"000235.jpg",51,400,445,623,"skirt"
"000235.jpg",0,0,466,448,"short sleeve top"
"000236.jpg",0,36,467,607,"long sleeve outwear"
"000237.jpg",4,31,449,339,"long sleeve outwear"
"000238.jpg",32,0,259,280,"long sleeve top"
"000238.jpg",87,238,243,516,"trousers"
"000239.jpg",73,0,444,380,"trousers"
"000240.jpg",0,95,467,505,"long sleeve dress"
"000241.jpg",0,26,467,590,"long sleeve dress"
"000242.jpg",1,1,467,624,"long sleeve dress"
"000243.jpg",0,61,350,413,"long sleeve dress"
"000244.jpg",137,322,284,719,"trousers"
"000244.jpg",99,96,324,525,"long sleeve dress"
"000245.jpg",34,52,440,594,"long sleeve dress"
"000246.jpg",5,16,458,771,"long sleeve dress"
"000247.jpg",0,106,467,573,"long sleeve dress"
"000248.jpg",0,147,467,831,"long sleeve dress"
"000249.jpg",13,0,458,768,"long sleeve dress"
"000250.jpg",0,27,467,631,"long sleeve dress"
"000251.jpg",33,32,427,563,"long sleeve dress"
"000252.jpg",139,364,324,818,"trousers"
"000252.jpg",126,134,402,638,"long sleeve dress"
"000253.jpg",160,295,335,693,"trousers"
"000253.jpg",120,31,374,400,"long sleeve dress"
"000254.jpg",31,9,427,624,"long sleeve dress"
"000255.jpg",198,294,294,443,"long sleeve dress"
"000255.jpg",226,403,282,531,"trousers"
"000256.jpg",0,45,467,631,"long sleeve dress"
"000257.jpg",137,46,374,375,"long sleeve dress"
"000258.jpg",71,285,202,482,"trousers"
"000258.jpg",199,374,345,603,"trousers"
"000258.jpg",17,101,290,431,"long sleeve dress"
"000258.jpg",228,168,467,562,"long sleeve top"
"000259.jpg",0,153,467,623,"skirt"
"000260.jpg",158,292,326,462,"skirt"
"000260.jpg",130,146,340,396,"long sleeve outwear"
"000261.jpg",184,255,324,397,"skirt"
"000261.jpg",160,131,366,275,"short sleeve top"
"000262.jpg",20,238,467,597,"skirt"
"000262.jpg",41,4,464,328,"short sleeve top"
"000263.jpg",1,171,467,509,"skirt"
"000264.jpg",152,219,294,374,"skirt"
"000264.jpg",157,109,325,243,"short sleeve top"
"000265.jpg",163,359,262,469,"skirt"
"000265.jpg",156,266,243,385,"short sleeve top"
"000266.jpg",27,0,457,339,"skirt"
"000267.jpg",158,255,323,426,"skirt"
"000267.jpg",177,104,356,346,"long sleeve outwear"
"000268.jpg",183,237,333,375,"skirt"
"000268.jpg",169,120,346,260,"short sleeve top"
"000269.jpg",2,1,467,456,"skirt"
"000270.jpg",185,270,311,399,"skirt"
"000270.jpg",186,167,312,315,"short sleeve outwear"
"000271.jpg",134,377,347,557,"trousers"
"000271.jpg",0,0,464,460,"short sleeve top"
"000272.jpg",0,23,467,623,"short sleeve top"
"000273.jpg",140,473,305,623,"trousers"
"000273.jpg",113,245,344,527,"short sleeve top"
"000274.jpg",19,162,467,608,"short sleeve top"
"000275.jpg",0,47,467,623,"short sleeve top"
"000276.jpg",0,57,467,623,"short sleeve top"
"000277.jpg",0,145,467,623,"short sleeve top"
"000278.jpg",0,277,467,830,"short sleeve top"
"000279.jpg",0,73,290,415,"short sleeve top"
"000280.jpg",143,322,369,486,"trousers"
"000280.jpg",110,1,455,405,"short sleeve top"
"000281.jpg",4,501,393,623,"skirt"
"000281.jpg",0,214,408,568,"short sleeve top"
"000282.jpg",9,80,151,254,"short sleeve top"
"000282.jpg",15,182,331,439,"short sleeve top"
"000283.jpg",0,102,467,624,"short sleeve top"
"000284.jpg",0,0,467,610,"short sleeve top"
"000285.jpg",50,72,467,623,"short sleeve top"
"000286.jpg",3,24,345,442,"short sleeve top"
"000287.jpg",0,44,467,602,"short sleeve top"
"000288.jpg",0,0,345,456,"short sleeve top"
"000289.jpg",15,0,339,623,"trousers"
"000290.jpg",179,1,315,53,"short sleeve top"
"000290.jpg",170,28,312,386,"trousers"
"000291.jpg",0,82,358,610,"trousers"
"000292.jpg",0,47,467,601,"trousers"
"000293.jpg",102,2,289,114,"short sleeve top"
"000293.jpg",108,68,317,621,"trousers"
"000294.jpg",28,0,133,217,"trousers"
"000295.jpg",145,397,249,638,"trousers"
"000295.jpg",130,246,264,427,"short sleeve top"
"000296.jpg",142,75,297,442,"trousers"
"000297.jpg",109,57,377,623,"vest dress"
"000298.jpg",10,123,445,623,"vest dress"
"000299.jpg",114,78,362,445,"vest dress"
"000300.jpg",154,119,294,417,"vest dress"
"000301.jpg",40,123,467,579,"vest dress"
"000302.jpg",101,113,366,623,"vest dress"
"000303.jpg",150,72,329,294,"vest dress"
"000304.jpg",96,152,340,615,"vest dress"
"000305.jpg",53,322,327,566,"skirt"
"000305.jpg",0,73,321,442,"short sleeve top"
"000306.jpg",138,233,298,527,"trousers"
"000306.jpg",66,0,348,357,"short sleeve top"
"000307.jpg",130,108,467,349,"vest"
"000308.jpg",91,112,311,350,"long sleeve top"
"000309.jpg",1,195,370,623,"long sleeve top"
"000310.jpg",0,1,242,463,"long sleeve top"
"000311.jpg",5,4,466,609,"long sleeve top"
"000312.jpg",3,10,467,350,"long sleeve top"
"000313.jpg",1,115,466,623,"long sleeve top"
"000314.jpg",1,30,466,623,"long sleeve top"
"000315.jpg",1,24,467,350,"long sleeve top"
"000316.jpg",0,0,467,350,"long sleeve outwear"
"000317.jpg",1,12,466,623,"long sleeve top"
"000318.jpg",75,233,294,450,"skirt"
"000318.jpg",47,8,290,301,"long sleeve top"
"000319.jpg",116,411,460,623,"skirt"
"000319.jpg",0,75,347,609,"long sleeve top"
"000320.jpg",40,2,464,788,"long sleeve top"
"000321.jpg",50,471,413,623,"skirt"
"000321.jpg",0,13,466,623,"long sleeve top"
"000322.jpg",22,403,228,623,"trousers"
"000322.jpg",0,188,226,450,"long sleeve top"
"000323.jpg",1,1,362,350,"long sleeve top"
"000324.jpg",157,301,299,399,"skirt"
"000324.jpg",2,117,297,399,"long sleeve top"
"000325.jpg",2,1,467,623,"long sleeve outwear"
"000326.jpg",0,2,467,623,"long sleeve outwear"
"000327.jpg",1,0,464,830,"long sleeve top"
"000328.jpg",2,0,467,623,"long sleeve top"
"000329.jpg",0,0,467,623,"long sleeve outwear"
"000330.jpg",0,223,315,623,"short sleeve top"
"000331.jpg",0,29,466,584,"short sleeve top"
"000332.jpg",0,4,466,623,"short sleeve top"
"000333.jpg",5,411,435,623,"shorts"
"000333.jpg",0,2,413,623,"short sleeve top"
"000334.jpg",1,15,241,342,"short sleeve top"
"000334.jpg",170,17,457,315,"short sleeve top"
"000335.jpg",1,0,466,827,"short sleeve top"
"000336.jpg",0,203,466,623,"short sleeve top"
"000337.jpg",0,0,357,597,"short sleeve top"
"000338.jpg",3,1,467,623,"short sleeve top"
"000339.jpg",1,105,465,551,"short sleeve top"
"000340.jpg",110,335,465,630,"short sleeve top"
"000340.jpg",74,80,465,373,"short sleeve top"
"000341.jpg",2,78,467,616,"short sleeve top"
"000341.jpg",0,158,466,623,"short sleeve top"
"000342.jpg",1,1,467,468,"short sleeve top"
"000343.jpg",58,449,349,624,"shorts"
"000343.jpg",17,12,385,495,"short sleeve top"
"000344.jpg",56,402,330,624,"shorts"
"000344.jpg",74,40,417,475,"short sleeve top"
"000345.jpg",155,235,286,543,"trousers"
"000345.jpg",128,94,295,247,"short sleeve top"
"000346.jpg",0,201,270,623,"short sleeve top"
"000346.jpg",158,168,467,623,"short sleeve top"
"000347.jpg",0,460,313,623,"trousers"
"000347.jpg",79,163,467,538,"short sleeve top"
"000348.jpg",78,135,467,623,"short sleeve top"
"000349.jpg",41,286,467,631,"short sleeve top"
"000350.jpg",0,287,467,830,"short sleeve top"
"000351.jpg",138,393,273,461,"shorts"
"000351.jpg",95,219,332,416,"short sleeve top"
"000352.jpg",108,37,467,623,"short sleeve top"
"000353.jpg",143,445,402,623,"shorts"
"000353.jpg",79,55,467,536,"short sleeve top"
"000354.jpg",0,0,623,467,"shorts"
"000355.jpg",131,106,302,439,"vest dress"
"000356.jpg",242,163,312,277,"vest dress"
"000357.jpg",129,105,305,442,"vest dress"
"000358.jpg",252,115,305,165,"long sleeve top"
"000358.jpg",147,53,250,163,"vest dress"
"000358.jpg",261,158,297,204,"trousers"
"000359.jpg",147,406,304,735,"trousers"
"000359.jpg",111,42,358,523,"long sleeve top"
"000360.jpg",11,47,411,623,"trousers"
"000361.jpg",59,118,455,695,"trousers"
"000362.jpg",59,17,411,624,"vest dress"
"000363.jpg",0,42,467,830,"vest dress"
"000364.jpg",202,357,445,623,"trousers"
"000364.jpg",120,2,467,571,"vest dress"
"000365.jpg",0,246,467,624,"vest dress"
"000366.jpg",0,2,446,624,"vest dress"
"000367.jpg",283,288,436,574,"vest dress"
"000367.jpg",21,164,211,492,"vest dress"
"000368.jpg",25,176,307,639,"vest dress"
"000369.jpg",1,24,290,486,"vest dress"
"000370.jpg",91,146,293,493,"vest dress"
"000371.jpg",167,326,314,505,"shorts"
"000371.jpg",117,17,376,359,"short sleeve top"
"000372.jpg",0,91,467,623,"short sleeve top"
"000373.jpg",197,212,376,463,"trousers"
"000373.jpg",123,12,340,273,"sling"
"000374.jpg",1,1,467,606,"sling"
"000375.jpg",27,324,332,624,"trousers"
"000375.jpg",1,1,381,403,"sling"
"000376.jpg",113,377,402,623,"trousers"
"000376.jpg",92,1,466,444,"sling"
"000377.jpg",53,262,345,573,"trousers"
"000377.jpg",1,2,324,394,"sling"
"000378.jpg",84,430,402,611,"trousers"
"000378.jpg",38,0,408,529,"sling"
"000379.jpg",198,172,356,447,"trousers"
"000379.jpg",142,1,347,231,"sling"
"000380.jpg",34,392,467,623,"trousers"
"000380.jpg",1,1,449,514,"sling"
"000381.jpg",116,181,392,521,"sling"
"000382.jpg",209,298,319,560,"trousers"
"000382.jpg",203,132,318,291,"sling"
"000383.jpg",1,18,623,407,"skirt"
"000384.jpg",0,57,467,454,"skirt"
"000385.jpg",0,15,467,293,"skirt"
"000386.jpg",0,56,456,622,"short sleeve dress"
"000387.jpg",53,506,333,831,"trousers"
"000387.jpg",0,0,447,739,"short sleeve dress"
"000388.jpg",0,0,407,623,"trousers"
"000389.jpg",0,54,350,403,"long sleeve top"
"000390.jpg",1,222,465,791,"long sleeve top"
"000391.jpg",120,327,349,468,"trousers"
"000391.jpg",57,1,409,393,"short sleeve top"
"000392.jpg",0,7,303,396,"long sleeve dress"
"000393.jpg",173,293,285,550,"trousers"
"000393.jpg",142,124,299,380,"long sleeve dress"
"000394.jpg",0,156,467,623,"long sleeve dress"
"000395.jpg",1,1,444,728,"long sleeve dress"
"000396.jpg",95,251,364,629,"long sleeve dress"
"000397.jpg",0,164,467,602,"long sleeve dress"
"000398.jpg",0,199,467,623,"long sleeve dress"
"000399.jpg",1,1,467,623,"long sleeve dress"
"000400.jpg",0,36,467,832,"long sleeve dress"
"000401.jpg",168,214,299,491,"long sleeve dress"
"000402.jpg",175,122,328,367,"long sleeve dress"
"000403.jpg",32,6,408,630,"long sleeve dress"
"000404.jpg",0,164,467,623,"long sleeve dress"
"000405.jpg",138,244,285,366,"shorts"
"000405.jpg",131,59,321,298,"short sleeve top"
"000406.jpg",50,1,439,344,"short sleeve top"
"000407.jpg",146,349,266,523,"trousers"
"000407.jpg",119,173,287,428,"long sleeve top"
"000408.jpg",201,400,294,579,"trousers"
"000408.jpg",167,241,316,463,"long sleeve top"
"000409.jpg",0,40,464,813,"long sleeve top"
"000410.jpg",0,0,466,623,"long sleeve top"
"000411.jpg",110,417,312,623,"trousers"
"000411.jpg",18,34,466,613,"long sleeve top"
"000412.jpg",0,12,466,606,"long sleeve top"
"000413.jpg",0,57,465,624,"long sleeve top"
"000414.jpg",142,369,337,623,"trousers"
"000414.jpg",4,18,395,571,"long sleeve top"
"000415.jpg",51,102,466,576,"long sleeve top"
"000416.jpg",51,180,409,467,"long sleeve top"
"000417.jpg",0,97,466,600,"long sleeve top"
"000418.jpg",143,278,314,437,"skirt"
"000418.jpg",132,161,308,312,"short sleeve top"
"000419.jpg",2,134,261,387,"skirt"
"000420.jpg",180,111,298,226,"short sleeve top"
"000420.jpg",177,214,299,333,"skirt"
"000421.jpg",10,8,432,403,"long sleeve top"
"000421.jpg",165,279,382,654,"skirt"
"000421.jpg",162,289,383,768,"trousers"
"000422.jpg",0,0,467,631,"long sleeve top"
"000422.jpg",153,282,462,560,"skirt"
"000423.jpg",0,110,467,392,"long sleeve top"
"000423.jpg",100,341,379,615,"skirt"
"000424.jpg",0,151,467,322,"long sleeve top"
"000424.jpg",66,306,309,605,"skirt"
"000425.jpg",0,0,467,379,"long sleeve top"
"000425.jpg",93,290,421,623,"skirt"
"000426.jpg",105,159,210,316,"skirt"
"000426.jpg",105,170,210,387,"trousers"
"000426.jpg",79,34,229,241,"long sleeve top"
"000427.jpg",137,2,467,631,"long sleeve top"
"000427.jpg",69,230,344,474,"skirt"
"000428.jpg",88,173,354,373,"long sleeve top"
"000428.jpg",156,334,300,577,"skirt"
"000429.jpg",179,184,314,532,"trousers"
"000429.jpg",179,183,308,394,"skirt"
"000429.jpg",121,37,329,225,"long sleeve top"
"000430.jpg",0,33,393,582,"long sleeve top"
"000430.jpg",45,345,361,623,"skirt"
"000431.jpg",105,194,211,429,"trousers"
"000431.jpg",106,191,212,354,"skirt"
"000431.jpg",74,60,236,271,"long sleeve top"
"000432.jpg",0,18,455,567,"long sleeve top"
"000432.jpg",100,358,418,797,"skirt"
"000433.jpg",0,0,450,624,"long sleeve top"
"000433.jpg",93,414,367,624,"skirt"
"000434.jpg",0,0,389,624,"long sleeve top"
"000434.jpg",139,332,350,624,"skirt"
"000435.jpg",175,15,320,557,"vest dress"
"000435.jpg",158,14,335,375,"vest"
"000436.jpg",172,111,278,408,"vest dress"
"000436.jpg",172,112,282,317,"vest"
"000437.jpg",109,2,282,525,"vest dress"
"000437.jpg",87,2,268,335,"vest"
"000438.jpg",16,13,102,260,"vest dress"
"000438.jpg",2,13,114,161,"vest"
"000439.jpg",140,247,312,545,"vest dress"
"000439.jpg",141,236,253,447,"vest"
"000440.jpg",16,6,126,157,"vest"
"000440.jpg",24,6,119,253,"vest dress"
"000441.jpg",83,41,336,623,"vest dress"
"000441.jpg",67,45,354,510,"vest"
"000442.jpg",132,19,343,464,"vest dress"
"000442.jpg",132,21,344,313,"vest"
"000443.jpg",255,74,394,268,"vest"
"000443.jpg",375,283,467,349,"short sleeve top"
"000443.jpg",251,75,378,349,"vest dress"
"000444.jpg",169,286,310,542,"trousers"
"000444.jpg",133,85,308,307,"short sleeve top"
"000445.jpg",2,239,362,621,"vest dress"
"000446.jpg",0,13,467,604,"long sleeve dress"
"000447.jpg",0,0,467,624,"long sleeve dress"
"000448.jpg",148,0,367,430,"vest dress"
"000449.jpg",244,147,417,602,"vest dress"
"000450.jpg",0,74,407,598,"skirt"
"000451.jpg",111,45,466,731,"short sleeve top"
"000451.jpg",1,386,349,825,"trousers"
"000452.jpg",0,479,417,825,"trousers"
"000452.jpg",0,0,466,680,"short sleeve top"
"000453.jpg",0,429,350,825,"trousers"
"000453.jpg",78,0,466,747,"short sleeve top"
"000454.jpg",141,321,227,385,"shorts"
"000454.jpg",145,228,254,351,"short sleeve top"
"000455.jpg",172,290,259,352,"shorts"
"000455.jpg",155,183,264,317,"short sleeve top"
"000456.jpg",0,0,467,599,"short sleeve top"
"000457.jpg",113,340,305,467,"trousers"
"000457.jpg",76,29,344,372,"short sleeve top"
"000458.jpg",38,187,466,623,"long sleeve dress"
"000459.jpg",6,6,466,623,"long sleeve dress"
"000460.jpg",91,101,435,591,"long sleeve dress"
"000461.jpg",87,107,351,483,"long sleeve dress"
"000462.jpg",0,362,466,829,"long sleeve top"
"000463.jpg",191,359,336,542,"trousers"
"000463.jpg",173,180,360,395,"long sleeve top"
"000464.jpg",0,23,466,623,"long sleeve top"
"000465.jpg",16,2,258,346,"sling dress"
"000466.jpg",60,2,252,378,"sling dress"
"000467.jpg",10,28,349,467,"long sleeve top"
"000468.jpg",1,63,467,612,"long sleeve top"
"000469.jpg",164,134,309,276,"short sleeve top"
"000469.jpg",166,264,300,418,"skirt"
"000470.jpg",178,66,272,149,"short sleeve top"
"000470.jpg",176,148,271,237,"skirt"
"000470.jpg",193,154,257,343,"trousers"
"000471.jpg",171,64,299,240,"short sleeve top"
"000471.jpg",170,208,285,310,"skirt"
"000472.jpg",10,6,415,350,"skirt"
"000473.jpg",0,0,623,467,"skirt"
"000474.jpg",0,198,467,531,"skirt"
"000475.jpg",0,109,624,467,"skirt"
"000476.jpg",1,88,350,354,"skirt"
"000477.jpg",0,1,467,350,"skirt"
"000478.jpg",0,181,467,472,"skirt"
"000479.jpg",30,0,358,350,"skirt"
"000480.jpg",48,7,601,467,"skirt"
"000481.jpg",134,28,240,124,"short sleeve top"
"000481.jpg",187,96,277,200,"skirt"
"000481.jpg",192,102,286,282,"trousers"
"000482.jpg",0,52,429,541,"skirt"
"000483.jpg",0,1,623,432,"skirt"
"000484.jpg",0,138,345,378,"skirt"
"000485.jpg",0,1,467,336,"skirt"
"000486.jpg",177,106,288,239,"short sleeve top"
"000486.jpg",183,216,279,316,"skirt"
"000487.jpg",77,53,360,253,"skirt"
"000488.jpg",0,0,606,434,"skirt"
"000489.jpg",75,0,461,392,"short sleeve top"
"000489.jpg",63,283,412,623,"skirt"
"000490.jpg",0,338,467,723,"skirt"
"000490.jpg",37,42,439,391,"short sleeve top"
"000491.jpg",66,330,346,623,"skirt"
"000491.jpg",0,0,445,440,"short sleeve top"
"000492.jpg",148,269,259,542,"trousers"
"000492.jpg",147,112,287,309,"short sleeve top"
"000493.jpg",148,0,320,111,"short sleeve top"
"000493.jpg",118,75,330,404,"trousers"
"000494.jpg",0,348,467,623,"trousers"
"000494.jpg",1,1,467,622,"long sleeve top"
"000495.jpg",1,39,467,623,"long sleeve top"
"000496.jpg",97,165,422,519,"short sleeve dress"
"000497.jpg",64,180,421,564,"short sleeve dress"
"000498.jpg",84,309,331,623,"skirt"
"000498.jpg",128,137,350,362,"short sleeve top"
"000499.jpg",120,412,284,569,"skirt"
"000499.jpg",107,243,318,470,"short sleeve top"
"000500.jpg",170,346,297,581,"skirt"
"000500.jpg",161,212,298,376,"short sleeve top"
"000501.jpg",56,24,353,558,"skirt"
"000501.jpg",0,38,464,441,"short sleeve top"
"000502.jpg",179,278,315,558,"skirt"
"000502.jpg",155,172,337,301,"short sleeve top"
"000503.jpg",133,292,362,619,"skirt"
"000503.jpg",181,48,467,486,"short sleeve top"
"000504.jpg",147,389,396,605,"skirt"
"000504.jpg",143,52,467,525,"short sleeve top"
"000505.jpg",101,4,444,310,"long sleeve outwear"
"000505.jpg",63,191,400,595,"skirt"
"000506.jpg",231,197,395,507,"skirt"
"000506.jpg",162,8,415,423,"long sleeve outwear"
"000507.jpg",1,0,467,622,"long sleeve outwear"
"000508.jpg",0,36,299,399,"long sleeve dress"
"000509.jpg",20,8,421,611,"short sleeve top"
"000510.jpg",134,433,379,621,"trousers"
"000510.jpg",56,1,405,484,"short sleeve top"
"000511.jpg",161,550,403,832,"short sleeve top"
"000511.jpg",106,106,351,403,"short sleeve top"
"000512.jpg",34,219,383,622,"sling"
"000513.jpg",7,52,348,446,"sling"
"000514.jpg",215,174,331,289,"shorts"
"000514.jpg",193,72,304,206,"sling"
"000515.jpg",53,71,466,603,"sling"
"000516.jpg",169,250,284,361,"shorts"
"000516.jpg",160,145,269,271,"sling"
"000517.jpg",1,25,464,600,"sling"
"000518.jpg",9,254,467,623,"sling"
"000519.jpg",88,408,414,623,"shorts"
"000519.jpg",44,3,416,504,"sling"
"000520.jpg",3,1,420,535,"sling"
"000521.jpg",134,112,249,266,"short sleeve top"
"000521.jpg",128,233,241,470,"skirt"
"000522.jpg",110,101,220,238,"short sleeve top"
"000522.jpg",139,194,300,450,"skirt"
"000523.jpg",3,484,225,623,"skirt"
"000523.jpg",1,257,354,616,"short sleeve top"
"000524.jpg",132,59,325,250,"short sleeve top"
"000524.jpg",135,232,306,556,"skirt"
"000525.jpg",154,214,286,481,"skirt"
"000525.jpg",170,135,293,246,"short sleeve top"
"000526.jpg",248,157,379,276,"long sleeve top"
"000526.jpg",166,234,328,465,"skirt"
"000527.jpg",138,74,379,338,"skirt"
"000527.jpg",53,0,222,148,"long sleeve top"
"000528.jpg",149,423,436,623,"skirt"
"000528.jpg",115,110,466,561,"long sleeve top"
"000529.jpg",80,264,248,637,"skirt"
"000529.jpg",100,62,283,309,"short sleeve top"
"000530.jpg",186,245,398,520,"skirt"
"000530.jpg",122,149,266,292,"short sleeve top"
"000531.jpg",160,252,241,410,"skirt"
"000531.jpg",162,165,252,273,"long sleeve top"
"000532.jpg",149,263,311,623,"trousers"
"000532.jpg",113,16,333,308,"short sleeve top"
"000533.jpg",156,159,316,313,"short sleeve top"
"000533.jpg",187,288,305,584,"skirt"
"000534.jpg",14,273,224,639,"skirt"
"000534.jpg",89,116,280,319,"short sleeve top"
"000535.jpg",8,158,422,571,"long sleeve top"
"000535.jpg",183,391,399,623,"skirt"
"000536.jpg",112,490,465,623,"skirt"
"000536.jpg",1,178,466,579,"short sleeve top"
"000537.jpg",90,159,222,384,"skirt"
"000537.jpg",73,29,246,189,"short sleeve top"
"000538.jpg",159,254,289,517,"skirt"
"000538.jpg",154,161,292,281,"short sleeve top"
"000539.jpg",0,38,467,407,"short sleeve outwear"
"000540.jpg",1,0,364,373,"short sleeve top"
"000541.jpg",122,0,467,379,"trousers"
"000542.jpg",183,100,324,144,"short sleeve top"
"000542.jpg",180,123,334,297,"shorts"
"000543.jpg",14,24,467,598,"shorts"
"000544.jpg",82,0,395,427,"long sleeve dress"
"000545.jpg",159,34,338,315,"long sleeve dress"
"000546.jpg",1,40,466,623,"long sleeve top"
"000547.jpg",1,46,467,532,"short sleeve top"
"000548.jpg",1,56,467,538,"short sleeve top"
"000549.jpg",120,8,337,244,"vest"
"000550.jpg",213,0,437,188,"vest"
"000550.jpg",150,137,362,385,"skirt"
"000551.jpg",0,70,467,585,"vest"
"000552.jpg",0,25,467,532,"vest"
"000553.jpg",90,201,467,623,"vest"
"000554.jpg",107,136,349,350,"skirt"
"000554.jpg",218,0,463,198,"vest"
"000555.jpg",0,29,351,460,"short sleeve top"
"000556.jpg",23,1,316,467,"vest dress"
"000557.jpg",103,1,466,624,"vest dress"
"000558.jpg",0,61,368,623,"short sleeve top"
"000559.jpg",166,322,296,595,"trousers"
"000559.jpg",110,189,324,496,"long sleeve dress"
"000560.jpg",161,341,305,623,"trousers"
"000560.jpg",132,213,289,501,"long sleeve dress"
"000561.jpg",143,302,267,554,"trousers"
"000561.jpg",83,151,323,447,"long sleeve dress"
"000562.jpg",153,358,331,705,"trousers"
"000562.jpg",1,55,466,615,"short sleeve dress"
"000563.jpg",1,139,467,612,"short sleeve dress"
"000564.jpg",9,165,450,590,"short sleeve dress"
"000565.jpg",163,356,311,622,"trousers"
"000565.jpg",102,71,369,483,"short sleeve dress"
"000566.jpg",88,220,419,452,"short sleeve dress"
"000567.jpg",0,48,334,623,"short sleeve dress"
"000568.jpg",0,61,284,447,"short sleeve dress"
"000569.jpg",1,125,466,768,"short sleeve dress"
"000570.jpg",88,274,271,622,"trousers"
"000570.jpg",54,26,336,370,"short sleeve dress"
"000571.jpg",151,541,311,831,"trousers"
"000571.jpg",8,242,457,755,"short sleeve dress"
"000572.jpg",0,18,254,449,"short sleeve dress"
"000573.jpg",179,255,348,496,"trousers"
"000573.jpg",135,2,416,341,"short sleeve top"
"000574.jpg",178,252,300,430,"shorts"
"000574.jpg",165,58,290,282,"short sleeve top"
"000575.jpg",156,402,347,623,"trousers"
"000575.jpg",115,0,359,454,"short sleeve top"
"000576.jpg",126,328,301,542,"shorts"
"000576.jpg",115,113,337,371,"short sleeve top"
"000577.jpg",191,192,331,378,"shorts"
"000577.jpg",180,24,366,220,"short sleeve top"
"000578.jpg",0,15,467,623,"short sleeve top"
"000579.jpg",146,159,322,323,"short sleeve top"
"000579.jpg",157,300,289,426,"skirt"
"000580.jpg",0,129,350,436,"skirt"
"000581.jpg",127,131,224,239,"short sleeve top"
"000581.jpg",138,216,226,319,"skirt"
"000582.jpg",103,6,392,293,"short sleeve top"
"000582.jpg",140,270,353,488,"skirt"
"000583.jpg",0,17,467,350,"skirt"
"000584.jpg",79,160,314,419,"short sleeve top"
"000584.jpg",143,380,336,575,"skirt"
"000585.jpg",1,51,467,324,"skirt"
"000586.jpg",0,203,467,599,"skirt"
"000587.jpg",133,249,329,379,"short sleeve top"
"000587.jpg",158,371,299,512,"skirt"
"000588.jpg",1,103,467,464,"skirt"
"000589.jpg",163,1,467,187,"short sleeve top"
"000589.jpg",130,109,398,373,"skirt"
"000590.jpg",160,179,350,371,"short sleeve top"
"000590.jpg",118,337,294,538,"skirt"
"000591.jpg",1,0,458,262,"skirt"
"000592.jpg",1,155,449,559,"skirt"
"000593.jpg",2,60,261,332,"skirt"
"000594.jpg",200,102,292,232,"short sleeve top"
"000594.jpg",186,208,301,341,"skirt"
"000595.jpg",115,233,332,360,"short sleeve top"
"000595.jpg",142,355,286,489,"skirt"
"000596.jpg",1,159,350,415,"skirt"
"000597.jpg",1,6,467,510,"skirt"
"000598.jpg",1,40,467,287,"skirt"
"000599.jpg",3,18,462,316,"skirt"
"000600.jpg",1,124,467,483,"skirt"
"000601.jpg",152,1,357,196,"long sleeve top"
"000601.jpg",149,183,371,388,"skirt"
"000602.jpg",0,0,438,467,"short sleeve top"
"000603.jpg",72,419,301,624,"trousers"
"000603.jpg",89,113,375,477,"short sleeve top"
"000604.jpg",37,269,467,660,"short sleeve top"
"000605.jpg",141,512,339,779,"trousers"
"000605.jpg",20,217,439,541,"short sleeve top"
"000606.jpg",6,0,299,308,"short sleeve top"
"000607.jpg",98,128,219,242,"trousers"
"000607.jpg",146,24,280,174,"short sleeve top"
"000608.jpg",100,129,180,296,"trousers"
"000608.jpg",87,5,202,153,"short sleeve top"
"000609.jpg",35,167,151,321,"shorts"
"000609.jpg",0,0,189,218,"short sleeve top"
"000610.jpg",67,273,222,399,"trousers"
"000610.jpg",0,0,245,333,"short sleeve top"
"000611.jpg",73,156,205,292,"shorts"
"000611.jpg",57,0,247,190,"short sleeve top"
"000612.jpg",97,168,221,304,"shorts"
"000612.jpg",86,1,259,204,"short sleeve top"
"000613.jpg",0,270,467,592,"skirt"
"000613.jpg",108,62,360,354,"long sleeve top"
"000614.jpg",74,564,444,862,"skirt"
"000614.jpg",0,86,466,661,"long sleeve top"
"000615.jpg",166,326,386,507,"skirt"
"000615.jpg",144,0,411,368,"long sleeve top"
"000616.jpg",74,287,447,521,"skirt"
"000616.jpg",41,94,379,354,"long sleeve top"
"000617.jpg",178,306,366,505,"skirt"
"000617.jpg",158,96,365,396,"long sleeve top"
"000618.jpg",133,170,269,324,"skirt"
"000618.jpg",132,40,276,236,"long sleeve top"
"000619.jpg",58,559,297,814,"skirt"
"000619.jpg",39,225,467,825,"long sleeve top"
"000620.jpg",0,0,467,624,"long sleeve top"
"000621.jpg",0,153,467,623,"long sleeve top"
"000622.jpg",164,140,301,277,"skirt"
"000622.jpg",158,18,313,205,"long sleeve top"
"000623.jpg",112,359,466,624,"skirt"
"000623.jpg",0,0,467,624,"long sleeve top"
"000624.jpg",80,2,831,467,"short sleeve top"
"000625.jpg",0,0,262,454,"short sleeve top"
"000626.jpg",0,192,466,669,"short sleeve top"
"000627.jpg",1,2,467,381,"short sleeve top"
"000628.jpg",15,99,467,571,"short sleeve top"
"000629.jpg",171,325,321,540,"trousers"
"000629.jpg",129,80,342,364,"short sleeve top"
"000630.jpg",163,336,309,547,"trousers"
"000630.jpg",114,107,322,377,"short sleeve top"
"000631.jpg",143,492,419,622,"trousers"
"000631.jpg",21,1,467,582,"short sleeve top"
"000632.jpg",101,371,269,479,"trousers"
"000632.jpg",62,187,269,420,"short sleeve top"
"000633.jpg",127,488,371,623,"trousers"
"000633.jpg",47,52,455,542,"short sleeve top"
"000634.jpg",0,18,467,596,"short sleeve top"
"000635.jpg",102,330,396,623,"trousers"
"000635.jpg",140,52,467,453,"short sleeve top"
"000636.jpg",66,290,334,623,"trousers"
"000636.jpg",104,21,381,312,"short sleeve top"
"000637.jpg",0,0,421,623,"short sleeve top"
"000638.jpg",95,5,450,414,"short sleeve top"
"000639.jpg",29,468,319,702,"trousers"
"000639.jpg",38,224,467,593,"short sleeve top"
"000640.jpg",19,0,348,350,"short sleeve top"
"000641.jpg",0,0,420,532,"short sleeve top"
"000642.jpg",0,36,467,662,"short sleeve top"
"000643.jpg",108,357,338,582,"shorts"
"000643.jpg",135,37,433,434,"short sleeve top"
"000644.jpg",0,140,467,623,"short sleeve top"
"000645.jpg",136,454,441,623,"trousers"
"000645.jpg",2,74,467,533,"short sleeve top"
"000646.jpg",47,328,467,833,"short sleeve top"
"000647.jpg",129,332,281,599,"trousers"
"000647.jpg",97,96,306,375,"short sleeve top"
"000648.jpg",125,659,386,830,"trousers"
"000648.jpg",0,113,467,710,"short sleeve top"
"000649.jpg",0,0,467,610,"trousers"
"000650.jpg",42,98,467,623,"short sleeve dress"
"000651.jpg",66,291,467,623,"short sleeve dress"
"000652.jpg",0,136,431,624,"short sleeve dress"
"000653.jpg",0,347,467,832,"short sleeve dress"
"000654.jpg",200,320,301,583,"skirt"
"000654.jpg",189,188,335,329,"short sleeve top"
"000655.jpg",169,172,263,394,"skirt"
"000655.jpg",107,77,283,210,"long sleeve top"
"000656.jpg",52,1,431,115,"long sleeve top"
"000656.jpg",156,66,337,521,"skirt"
"000657.jpg",0,1,190,110,"long sleeve top"
"000657.jpg",1,75,179,457,"skirt"
"000658.jpg",145,218,310,569,"skirt"
"000658.jpg",91,30,358,252,"long sleeve top"
"000659.jpg",0,0,344,263,"long sleeve top"
"000659.jpg",131,192,452,630,"skirt"
"000660.jpg",181,217,288,440,"skirt"
"000660.jpg",151,84,310,233,"long sleeve top"
"000661.jpg",148,261,316,659,"skirt"
"000661.jpg",125,99,349,274,"short sleeve top"
"000662.jpg",142,329,266,614,"skirt"
"000662.jpg",137,196,316,369,"long sleeve top"
"000663.jpg",37,0,425,631,"skirt"
"000664.jpg",188,203,258,429,"skirt"
"000664.jpg",183,82,293,225,"long sleeve top"
"000665.jpg",216,65,363,217,"long sleeve outwear"
"000665.jpg",330,209,382,251,"trousers"
"000665.jpg",234,196,333,402,"skirt"
"000665.jpg",372,200,411,250,"long sleeve top"
"000666.jpg",141,402,350,716,"skirt"
"000666.jpg",88,180,387,429,"short sleeve top"
"000667.jpg",124,241,243,532,"skirt"
"000667.jpg",111,88,202,321,"long sleeve outwear"
"000668.jpg",0,0,262,118,"long sleeve top"
"000668.jpg",34,17,282,472,"skirt"
"000669.jpg",2,1,288,115,"long sleeve top"
"000669.jpg",29,1,319,523,"skirt"
"000670.jpg",0,124,465,630,"long sleeve top"
"000671.jpg",0,192,466,630,"long sleeve top"
"000672.jpg",222,256,307,322,"skirt"
"000672.jpg",212,146,318,290,"long sleeve top"
"000672.jpg",231,264,295,409,"trousers"
"000673.jpg",0,200,467,623,"long sleeve outwear"
"000674.jpg",0,123,465,572,"long sleeve top"
"000675.jpg",38,0,433,623,"long sleeve top"
"000676.jpg",73,91,415,586,"short sleeve dress"
"000677.jpg",11,149,466,623,"short sleeve dress"
"000678.jpg",4,159,432,630,"short sleeve dress"
"000679.jpg",105,355,466,623,"long sleeve top"
"000679.jpg",0,138,279,623,"short sleeve dress"
"000680.jpg",132,3,337,467,"short sleeve dress"
"000681.jpg",17,331,466,623,"short sleeve dress"
"000682.jpg",25,195,318,655,"short sleeve dress"
"000683.jpg",36,23,466,623,"short sleeve dress"
"000684.jpg",0,270,270,619,"short sleeve dress"
"000685.jpg",0,0,466,623,"short sleeve dress"
"000686.jpg",105,231,466,623,"short sleeve dress"
"000687.jpg",0,0,466,623,"short sleeve dress"
"000688.jpg",0,209,350,655,"short sleeve dress"
"000689.jpg",108,75,366,538,"short sleeve dress"
"000690.jpg",34,171,466,623,"short sleeve dress"
"000691.jpg",87,123,445,623,"short sleeve dress"
"000692.jpg",22,264,383,623,"short sleeve dress"
"000693.jpg",37,3,463,623,"short sleeve dress"
"000694.jpg",95,249,436,623,"short sleeve dress"
"000695.jpg",193,213,339,570,"short sleeve dress"
"000696.jpg",121,359,466,623,"long sleeve top"
"000696.jpg",0,131,299,623,"short sleeve dress"
"000697.jpg",0,197,358,623,"short sleeve dress"
"000698.jpg",0,0,465,555,"short sleeve dress"
"000699.jpg",1,130,466,573,"short sleeve top"
"000700.jpg",0,0,466,598,"short sleeve top"
"000701.jpg",0,76,465,624,"short sleeve top"
"000702.jpg",0,333,466,623,"short sleeve top"
"000703.jpg",0,227,466,624,"short sleeve top"
"000704.jpg",0,0,457,583,"short sleeve top"
"000705.jpg",66,418,466,623,"trousers"
"000705.jpg",0,0,466,508,"short sleeve top"
"000706.jpg",84,647,440,827,"trousers"
"000706.jpg",0,50,465,765,"short sleeve top"
"000707.jpg",75,409,455,623,"skirt"
"000707.jpg",0,0,466,504,"short sleeve top"
"000708.jpg",0,224,466,624,"short sleeve top"
"000709.jpg",0,151,467,623,"short sleeve dress"
"000710.jpg",0,69,414,623,"short sleeve dress"
"000711.jpg",22,42,466,570,"short sleeve top"
"000712.jpg",125,270,340,467,"trousers"
"000712.jpg",137,5,417,356,"short sleeve top"
"000713.jpg",51,348,228,515,"trousers"
"000713.jpg",0,25,287,430,"long sleeve top"
"000714.jpg",59,0,457,475,"short sleeve dress"
"000715.jpg",136,264,259,562,"trousers"
"000715.jpg",92,16,262,428,"long sleeve outwear"
"000716.jpg",58,0,320,65,"short sleeve top"
"000716.jpg",38,3,318,422,"trousers"
"000717.jpg",64,0,399,194,"trousers"
"000718.jpg",190,248,291,544,"trousers"
"000718.jpg",199,103,310,289,"short sleeve top"
"000719.jpg",116,108,201,253,"trousers"
"000719.jpg",115,16,213,120,"short sleeve top"
"000720.jpg",0,0,224,236,"trousers"
"000721.jpg",1,0,452,623,"sling dress"
"000722.jpg",0,0,438,607,"sling dress"
"000723.jpg",47,85,315,467,"sling dress"
"000724.jpg",0,27,467,623,"long sleeve outwear"
"000725.jpg",152,306,360,575,"trousers"
"000725.jpg",77,0,393,365,"long sleeve outwear"
"000726.jpg",0,129,345,508,"long sleeve outwear"
"000727.jpg",0,29,466,590,"long sleeve outwear"
"000728.jpg",0,25,467,607,"long sleeve top"
"000729.jpg",143,76,446,614,"sling dress"
"000730.jpg",0,80,342,391,"shorts"
"000731.jpg",0,115,433,525,"shorts"
"000732.jpg",0,92,350,430,"shorts"
"000733.jpg",0,48,350,416,"shorts"
"000734.jpg",130,61,321,177,"short sleeve top"
"000734.jpg",115,141,332,401,"shorts"
"000735.jpg",0,16,350,398,"shorts"
"000736.jpg",0,92,467,558,"shorts"
"000737.jpg",33,1,452,583,"short sleeve top"
"000737.jpg",0,0,461,624,"long sleeve outwear"
"000737.jpg",185,313,466,624,"trousers"
"000738.jpg",97,26,372,251,"long sleeve top"
"000739.jpg",0,226,466,645,"long sleeve top"
"000740.jpg",0,33,420,350,"long sleeve top"
"000741.jpg",129,206,310,601,"trousers"
"000741.jpg",108,37,320,314,"long sleeve outwear"
"000742.jpg",0,0,465,831,"long sleeve outwear"
"000743.jpg",27,30,409,831,"vest dress"
"000743.jpg",2,55,465,664,"long sleeve outwear"
"000744.jpg",0,213,465,622,"long sleeve outwear"
"000745.jpg",84,155,431,623,"trousers"
"000746.jpg",76,174,159,251,"shorts"
"000746.jpg",84,84,214,191,"long sleeve outwear"
"000747.jpg",3,92,373,618,"short sleeve top"
"000748.jpg",40,1,467,567,"short sleeve top"
"000749.jpg",84,1,467,350,"trousers"
"000750.jpg",22,99,383,623,"short sleeve dress"
"000751.jpg",42,248,328,624,"sling dress"
"000752.jpg",113,133,359,536,"sling dress"
"000753.jpg",168,230,360,451,"vest dress"
"000754.jpg",145,329,267,515,"sling dress"
"000755.jpg",200,221,359,476,"sling dress"
"000756.jpg",27,105,467,477,"skirt"
"000757.jpg",20,62,456,468,"skirt"
"000758.jpg",0,0,350,467,"trousers"
"000759.jpg",165,272,312,446,"skirt"
"000759.jpg",102,99,331,298,"short sleeve top"
"000760.jpg",123,137,353,331,"short sleeve top"
"000760.jpg",179,308,330,490,"skirt"
"000761.jpg",55,0,430,111,"short sleeve outwear"
"000761.jpg",43,1,408,537,"trousers"
"000762.jpg",0,17,406,621,"trousers"
"000763.jpg",75,2,334,328,"short sleeve top"
"000763.jpg",89,282,348,623,"trousers"
"000764.jpg",0,5,467,623,"trousers"
"000765.jpg",106,0,434,595,"trousers"
"000766.jpg",130,1,312,61,"short sleeve top"
"000766.jpg",114,37,338,530,"trousers"
"000767.jpg",161,117,322,489,"trousers"
"000768.jpg",0,0,467,391,"trousers"
"000769.jpg",0,57,466,604,"trousers"
"000770.jpg",45,166,177,461,"trousers"
"000770.jpg",27,0,199,213,"short sleeve top"
"000771.jpg",165,111,340,159,"short sleeve top"
"000771.jpg",146,134,359,596,"trousers"
"000772.jpg",29,0,350,462,"sling dress"
"000773.jpg",1,1,467,344,"long sleeve top"
"000773.jpg",57,202,345,537,"trousers"
"000774.jpg",0,0,465,772,"skirt"
"000775.jpg",183,123,259,205,"short sleeve top"
"000775.jpg",175,196,270,365,"skirt"
"000776.jpg",1,0,467,319,"skirt"
"000777.jpg",0,30,350,429,"skirt"
"000778.jpg",120,353,265,626,"trousers"
"000778.jpg",96,167,283,400,"short sleeve top"
"000779.jpg",129,516,361,714,"shorts"
"000779.jpg",83,101,434,579,"short sleeve top"
"000780.jpg",5,0,467,623,"short sleeve top"
"000781.jpg",16,66,415,647,"long sleeve top"
"000781.jpg",73,94,421,712,"vest dress"
"000782.jpg",0,257,338,826,"vest dress"
"000782.jpg",0,244,422,738,"long sleeve top"
"000783.jpg",0,48,349,312,"long sleeve top"
"000783.jpg",10,62,349,467,"vest dress"
"000784.jpg",48,225,354,624,"vest dress"
"000784.jpg",58,212,368,542,"long sleeve top"
"000785.jpg",126,90,319,377,"long sleeve top"
"000785.jpg",140,105,301,437,"vest dress"
"000785.jpg",155,304,300,581,"trousers"
"000786.jpg",17,3,466,588,"long sleeve top"
"000786.jpg",11,4,466,782,"vest dress"
"000787.jpg",109,136,357,618,"vest dress"
"000787.jpg",81,130,361,443,"long sleeve top"
"000788.jpg",0,1,466,570,"long sleeve top"
"000788.jpg",28,16,456,830,"vest dress"
"000789.jpg",154,380,331,687,"vest dress"
"000789.jpg",78,363,387,651,"long sleeve top"
"000790.jpg",2,5,466,623,"long sleeve top"
"000790.jpg",27,57,466,623,"vest dress"
"000791.jpg",101,178,328,624,"vest dress"
"000791.jpg",83,149,338,474,"long sleeve top"
"000792.jpg",83,136,307,371,"long sleeve top"
"000792.jpg",90,132,324,491,"vest dress"
"000792.jpg",145,335,310,617,"trousers"
"000793.jpg",0,191,467,623,"short sleeve top"
"000794.jpg",179,350,350,545,"shorts"
"000794.jpg",150,132,359,406,"short sleeve top"
"000795.jpg",138,535,407,720,"shorts"
"000795.jpg",91,231,437,783,"long sleeve outwear"
"000796.jpg",0,6,467,467,"short sleeve top"
"000797.jpg",119,0,467,825,"sling dress"
"000798.jpg",53,0,317,467,"sling dress"
"000799.jpg",81,177,400,800,"sling dress"
"000800.jpg",89,0,274,467,"sling dress"
"000801.jpg",0,0,342,429,"sling dress"
"000802.jpg",154,12,264,323,"sling dress"
"000803.jpg",36,56,264,467,"sling dress"
"000804.jpg",160,258,288,545,"sling dress"
"000805.jpg",2,2,467,623,"shorts"
"000806.jpg",116,37,303,592,"sling dress"
"000807.jpg",175,160,332,528,"sling dress"
"000808.jpg",165,128,276,450,"sling dress"
"000809.jpg",139,0,309,617,"sling dress"
"000810.jpg",130,100,349,577,"trousers"
"000811.jpg",0,0,466,257,"short sleeve top"
"000811.jpg",0,167,467,736,"trousers"
"000812.jpg",0,0,467,625,"short sleeve top"
"000813.jpg",23,184,467,744,"short sleeve dress"
"000814.jpg",124,161,236,345,"short sleeve dress"
"000815.jpg",256,0,467,623,"short sleeve dress"
"000815.jpg",0,0,282,623,"short sleeve top"
"000816.jpg",0,0,467,623,"short sleeve dress"
"000817.jpg",1,0,351,404,"trousers"
"000818.jpg",154,0,342,343,"vest dress"
"000819.jpg",7,2,467,467,"vest dress"
"000820.jpg",60,135,269,399,"vest dress"
"000821.jpg",122,218,181,301,"vest dress"
"000822.jpg",125,182,276,303,"vest dress"
"000823.jpg",88,0,361,441,"vest dress"
"000824.jpg",0,153,191,432,"vest dress"
"000824.jpg",222,217,457,639,"vest dress"
"000825.jpg",89,133,205,303,"vest dress"
"000826.jpg",2,83,452,593,"vest dress"
"000827.jpg",86,0,447,741,"vest dress"
"000828.jpg",208,0,436,342,"vest dress"
"000829.jpg",0,65,233,391,"vest dress"
"000830.jpg",23,274,359,621,"vest dress"
"000831.jpg",16,0,299,396,"vest dress"
"000832.jpg",97,0,436,566,"skirt"
"000833.jpg",96,67,259,316,"long sleeve outwear"
"000833.jpg",78,159,209,337,"skirt"
"000834.jpg",110,0,467,187,"long sleeve top"
"000834.jpg",53,97,415,719,"skirt"
"000835.jpg",0,9,624,467,"long sleeve top"
"000836.jpg",228,104,349,266,"sling dress"
"000837.jpg",35,248,410,623,"sling dress"
"000838.jpg",106,6,353,637,"sling dress"
"000839.jpg",81,220,384,623,"sling dress"
"000840.jpg",163,167,297,532,"sling dress"
"000841.jpg",0,0,450,623,"sling dress"
"000842.jpg",17,70,432,590,"sling dress"
"000843.jpg",68,222,415,623,"sling dress"
"000844.jpg",205,248,340,539,"sling dress"
"000845.jpg",48,95,128,224,"sling dress"
"000846.jpg",12,232,467,623,"sling dress"
"000847.jpg",304,316,467,831,"short sleeve top"
"000847.jpg",37,391,286,831,"sling dress"
"000848.jpg",177,165,376,748,"sling dress"
"000849.jpg",153,262,467,623,"sling dress"
"000850.jpg",228,147,447,719,"sling dress"
"000851.jpg",23,14,467,620,"sling dress"
"000852.jpg",18,96,390,514,"sling dress"
"000853.jpg",164,28,267,235,"sling dress"
"000854.jpg",53,83,283,293,"sling dress"
"000855.jpg",41,210,439,623,"sling dress"
"000856.jpg",126,0,467,526,"sling dress"
"000857.jpg",32,209,397,623,"sling dress"
"000858.jpg",0,228,389,623,"sling dress"
"000859.jpg",16,100,467,623,"sling dress"
"000860.jpg",78,90,406,508,"sling dress"
"000861.jpg",1,67,286,349,"sling dress"
"000862.jpg",85,17,342,557,"sling dress"
"000863.jpg",140,323,326,559,"trousers"
"000863.jpg",80,2,391,368,"short sleeve top"
"000864.jpg",84,165,320,622,"vest dress"
"000865.jpg",13,208,275,623,"vest dress"
"000866.jpg",106,262,327,623,"vest dress"
"000867.jpg",83,0,428,581,"vest dress"
"000868.jpg",69,282,309,623,"vest dress"
"000869.jpg",1,231,426,623,"long sleeve top"
"000870.jpg",37,1,236,126,"long sleeve top"
"000870.jpg",83,77,204,351,"trousers"
"000871.jpg",0,118,433,626,"short sleeve dress"
"000872.jpg",210,151,348,394,"short sleeve dress"
"000873.jpg",1,17,466,623,"vest dress"
"000874.jpg",6,79,466,623,"vest dress"
"000875.jpg",147,224,230,340,"trousers"
"000875.jpg",124,99,238,228,"short sleeve top"
"000876.jpg",25,10,304,283,"short sleeve top"
"000876.jpg",0,68,292,467,"vest dress"
"000877.jpg",56,0,404,619,"vest dress"
"000877.jpg",28,0,463,349,"short sleeve top"
"000878.jpg",33,0,467,421,"short sleeve top"
"000878.jpg",69,0,422,624,"vest dress"
"000879.jpg",156,433,410,696,"short sleeve top"
"000879.jpg",171,466,378,910,"vest dress"
"000880.jpg",135,130,383,356,"short sleeve top"
"000880.jpg",145,134,348,497,"vest dress"
"000880.jpg",171,345,333,606,"trousers"
"000881.jpg",168,249,467,581,"short sleeve top"
"000881.jpg",168,247,467,623,"vest dress"
"000882.jpg",0,206,347,526,"short sleeve top"
"000882.jpg",45,207,342,623,"vest dress"
"000883.jpg",13,63,311,467,"vest dress"
"000883.jpg",38,0,328,310,"short sleeve top"
"000884.jpg",2,1,334,445,"vest dress"
"000884.jpg",1,1,310,316,"short sleeve top"
"000885.jpg",1,0,467,581,"short sleeve top"
"000886.jpg",0,0,439,624,"short sleeve top"
"000887.jpg",1,1,467,537,"short sleeve top"
"000887.jpg",70,346,426,613,"shorts"
"000888.jpg",64,93,466,622,"short sleeve top"
"000889.jpg",1,142,467,623,"short sleeve top"
"000890.jpg",125,294,466,624,"trousers"
"000890.jpg",0,1,402,603,"short sleeve top"
"000891.jpg",164,228,308,417,"shorts"
"000891.jpg",128,58,294,259,"short sleeve top"
"000892.jpg",1,0,262,383,"long sleeve top"
"000892.jpg",52,319,208,428,"trousers"
"000893.jpg",194,312,286,481,"trousers"
"000893.jpg",172,184,301,333,"long sleeve outwear"
"000894.jpg",105,423,347,630,"trousers"
"000894.jpg",4,5,451,516,"short sleeve top"
"000895.jpg",1,0,439,623,"short sleeve top"
"000896.jpg",69,375,467,623,"trousers"
"000896.jpg",0,0,467,440,"short sleeve top"
"000897.jpg",11,7,198,353,"shorts"
"000898.jpg",86,0,382,245,"short sleeve top"
"000898.jpg",150,189,318,383,"shorts"
"000899.jpg",168,331,314,499,"shorts"
"000899.jpg",120,108,357,394,"short sleeve top"
"000900.jpg",37,0,313,127,"long sleeve top"
"000900.jpg",103,70,333,365,"shorts"
"000901.jpg",9,137,467,539,"shorts"
"000902.jpg",162,325,286,482,"shorts"
"000902.jpg",147,134,317,371,"short sleeve top"
"000903.jpg",167,64,362,155,"short sleeve top"
"000903.jpg",151,102,402,408,"shorts"
"000904.jpg",98,386,415,623,"shorts"
"000904.jpg",0,19,342,522,"short sleeve top"
"000905.jpg",0,0,467,623,"short sleeve top"
"000906.jpg",11,438,334,770,"shorts"
"000906.jpg",0,0,331,537,"short sleeve top"
"000907.jpg",52,439,384,623,"trousers"
"000907.jpg",0,1,467,560,"short sleeve top"
"000908.jpg",161,324,297,446,"shorts"
"000908.jpg",145,162,315,353,"short sleeve top"
"000909.jpg",34,275,205,383,"shorts"
"000909.jpg",0,0,269,330,"short sleeve top"
"000910.jpg",9,56,90,99,"shorts"
"000910.jpg",12,0,88,73,"short sleeve top"
"000911.jpg",0,322,458,630,"shorts"
"000911.jpg",53,39,383,409,"short sleeve top"
"000912.jpg",0,191,467,585,"shorts"
"000912.jpg",53,0,437,326,"short sleeve top"
"000913.jpg",11,294,436,623,"shorts"
"000913.jpg",25,43,379,432,"short sleeve top"
"000914.jpg",42,201,467,623,"shorts"
"000914.jpg",0,24,460,483,"short sleeve top"
"000915.jpg",11,220,467,594,"shorts"
"000915.jpg",0,27,404,391,"short sleeve top"
"000916.jpg",116,452,342,623,"shorts"
"000916.jpg",0,93,364,545,"short sleeve top"
"000917.jpg",24,338,436,621,"shorts"
"000917.jpg",29,0,432,434,"short sleeve top"
"000918.jpg",125,250,376,520,"shorts"
"000918.jpg",0,0,347,423,"short sleeve top"
"000919.jpg",0,261,467,623,"shorts"
"000919.jpg",0,0,467,457,"short sleeve outwear"
"000920.jpg",91,320,333,585,"shorts"
"000920.jpg",160,5,467,526,"short sleeve top"
"000921.jpg",170,222,414,497,"shorts"
"000921.jpg",0,0,360,404,"short sleeve top"
"000922.jpg",71,406,416,722,"shorts"
"000922.jpg",1,0,466,475,"short sleeve top"
"000923.jpg",1,319,466,723,"shorts"
"000923.jpg",1,60,466,552,"short sleeve top"
"000924.jpg",85,128,337,518,"long sleeve dress"
"000925.jpg",43,292,192,584,"trousers"
"000925.jpg",41,62,228,303,"short sleeve top"
"000926.jpg",88,279,437,796,"vest dress"
"000927.jpg",137,212,385,830,"vest dress"
"000928.jpg",187,31,467,582,"vest dress"
"000929.jpg",1,328,467,832,"vest dress"
"000930.jpg",1,63,465,832,"vest dress"
"000931.jpg",21,1,467,623,"vest dress"
"000932.jpg",93,2,326,541,"vest dress"
"000933.jpg",138,122,367,623,"vest dress"
"000934.jpg",0,5,467,622,"vest dress"
"000935.jpg",97,124,267,467,"vest dress"
"000936.jpg",68,10,343,795,"vest dress"
"000937.jpg",10,0,417,624,"vest dress"
"000938.jpg",191,132,249,274,"vest dress"
"000939.jpg",79,205,268,676,"vest dress"
"000940.jpg",156,205,310,371,"long sleeve top"
"000941.jpg",0,23,466,572,"long sleeve top"
"000942.jpg",174,245,339,421,"long sleeve top"
"000943.jpg",155,347,395,609,"trousers"
"000943.jpg",0,0,466,459,"long sleeve top"
"000944.jpg",126,354,412,623,"trousers"
"000944.jpg",0,0,466,494,"long sleeve top"
"000945.jpg",19,205,114,407,"trousers"
"000945.jpg",21,123,145,233,"long sleeve top"
"000946.jpg",29,307,238,467,"skirt"
"000946.jpg",0,31,261,368,"long sleeve top"
"000947.jpg",158,246,302,555,"trousers"
"000947.jpg",127,45,357,273,"long sleeve top"
"000947.jpg",134,217,315,345,"skirt"
"000948.jpg",214,1,409,230,"long sleeve top"
"000948.jpg",164,173,329,410,"trousers"
"000948.jpg",187,167,337,288,"skirt"
"000949.jpg",28,86,286,467,"long sleeve top"
"000950.jpg",0,23,464,830,"long sleeve top"
"000951.jpg",1,93,466,623,"long sleeve top"
"000952.jpg",70,280,204,469,"trousers"
"000952.jpg",10,91,251,327,"long sleeve top"
"000953.jpg",1,297,450,830,"long sleeve top"
"000954.jpg",69,2,276,197,"long sleeve top"
"000954.jpg",109,145,256,450,"trousers"
"000955.jpg",62,0,290,222,"long sleeve top"
"000955.jpg",121,175,274,478,"trousers"
"000956.jpg",44,292,235,485,"trousers"
"000956.jpg",1,4,290,383,"long sleeve top"
"000957.jpg",7,23,467,679,"short sleeve top"
"000958.jpg",195,254,285,343,"skirt"
"000958.jpg",172,181,237,278,"vest"
"000959.jpg",0,141,459,623,"short sleeve top"
"000960.jpg",307,121,433,500,"short sleeve dress"
"000960.jpg",18,55,365,601,"short sleeve top"
"000961.jpg",75,16,467,623,"short sleeve top"
"000962.jpg",51,110,240,217,"long sleeve top"
"000962.jpg",105,175,247,339,"shorts"
"000963.jpg",38,1,372,90,"long sleeve top"
"000963.jpg",84,46,314,393,"trousers"
"000964.jpg",140,460,312,609,"skirt"
"000964.jpg",154,349,320,479,"short sleeve top"
"000965.jpg",0,7,467,623,"trousers"
"000966.jpg",332,225,375,280,"long sleeve top"
"000966.jpg",109,190,330,485,"vest dress"
"000966.jpg",309,257,364,321,"trousers"
"000967.jpg",27,132,430,606,"long sleeve top"
"000968.jpg",137,322,332,439,"shorts"
"000968.jpg",56,0,414,415,"short sleeve top"
"000969.jpg",158,299,335,403,"shorts"
"000969.jpg",101,11,384,355,"short sleeve top"
"000970.jpg",79,520,253,683,"trousers"
"000970.jpg",65,137,455,622,"long sleeve top"
"000971.jpg",160,449,353,623,"trousers"
"000971.jpg",86,174,411,597,"long sleeve top"
"000972.jpg",209,333,342,623,"trousers"
"000972.jpg",177,81,404,437,"long sleeve top"
"000973.jpg",160,517,351,630,"trousers"
"000973.jpg",94,172,427,624,"long sleeve top"
"000974.jpg",0,0,464,824,"long sleeve top"
"000975.jpg",195,344,266,523,"trousers"
"000975.jpg",152,254,306,400,"long sleeve top"
"000976.jpg",11,258,431,830,"long sleeve top"
"000977.jpg",0,0,466,623,"long sleeve top"
"000978.jpg",212,357,272,507,"trousers"
"000978.jpg",199,250,290,385,"long sleeve top"
"000979.jpg",137,363,466,623,"trousers"
"000979.jpg",0,39,432,534,"long sleeve top"
"000980.jpg",1,3,465,700,"long sleeve top"
"000981.jpg",0,205,430,624,"short sleeve top"
"000982.jpg",88,467,409,649,"shorts"
"000982.jpg",0,0,431,624,"short sleeve top"
"000983.jpg",0,34,466,615,"short sleeve top"
"000984.jpg",5,235,366,621,"vest dress"
"000985.jpg",155,280,271,539,"trousers"
"000985.jpg",175,192,274,309,"vest"
"000986.jpg",0,0,467,559,"short sleeve dress"
"000987.jpg",0,11,449,660,"short sleeve dress"
"000988.jpg",192,147,270,321,"short sleeve dress"
"000989.jpg",63,101,390,623,"short sleeve dress"
"000990.jpg",167,205,286,481,"short sleeve dress"
"000991.jpg",128,19,410,578,"short sleeve dress"
"000992.jpg",160,0,279,210,"short sleeve dress"
"000993.jpg",0,50,467,831,"short sleeve dress"
"000994.jpg",195,126,313,352,"short sleeve dress"
"000995.jpg",208,166,303,379,"short sleeve dress"
"000996.jpg",71,0,377,618,"short sleeve dress"
"000997.jpg",86,6,393,623,"short sleeve dress"
"000998.jpg",177,132,222,268,"short sleeve dress"
"000999.jpg",52,2,355,630,"short sleeve dress"
"001000.jpg",171,104,248,262,"short sleeve dress"
